patient_id,age,sex,subtype,idh_status,survival_days,vital_status
PATIENT_000,70,Female,Classical,Wildtype,653,1
PATIENT_001,45,Female,Mesenchymal,Wildtype,328,1
PATIENT_002,73,Male,Proneural,Mutant,1258,1
PATIENT_003,67,Female,Classical,Wildtype,434,0
PATIENT_004,43,Female,Mesenchymal,Wildtype,403,1
PATIENT_005,65,Female,Proneural,Mutant,763,1
PATIENT_006,64,Female,Classical,Wildtype,308,1
PATIENT_007,47,Male,Mesenchymal,Wildtype,403,0
PATIENT_008,40,Male,Proneural,Mutant,1205,1
PATIENT_009,39,Female,Classical,Wildtype,249,1
PATIENT_010,36,Female,Mesenchymal,Wildtype,299,0
PATIENT_011,52,Male,Proneural,Mutant,1121,1
PATIENT_012,59,Male,Classical,Wildtype,401,1
PATIENT_013,54,Female,Mesenchymal,Wildtype,424,1
PATIENT_014,70,Male,Proneural,Mutant,1451,1
PATIENT_015,66,Female,Classical,Wildtype,226,0
PATIENT_016,72,Female,Mesenchymal,Wildtype,340,1
PATIENT_017,35,Male,Proneural,Mutant,1222,1
PATIENT_018,54,Female,Classical,Wildtype,301,1
PATIENT_019,53,Female,Mesenchymal,Wildtype,450,1
PATIENT_020,72,Female,Proneural,Mutant,1274,1
PATIENT_021,71,Female,Classical,Wildtype,535,1
PATIENT_022,64,Male,Mesenchymal,Wildtype,314,0
PATIENT_023,54,Female,Proneural,Mutant,1044,1
PATIENT_024,74,Male,Classical,Wildtype,393,1
PATIENT_025,33,Female,Mesenchymal,Wildtype,341,0
PATIENT_026,50,Female,Proneural,Mutant,1114,0
PATIENT_027,66,Male,Classical,Wildtype,540,1
PATIENT_028,71,Male,Mesenchymal,Wildtype,563,1
PATIENT_029,71,Male,Proneural,Mutant,1316,1
PATIENT_030,45,Male,Classical,Wildtype,255,1
PATIENT_031,67,Female,Mesenchymal,Wildtype,362,1
PATIENT_032,53,Female,Proneural,Mutant,962,1
PATIENT_033,62,Male,Classical,Wildtype,409,1
PATIENT_034,37,Female,Mesenchymal,Wildtype,347,0
PATIENT_035,73,Female,Proneural,Mutant,1148,0
PATIENT_036,54,Male,Classical,Wildtype,346,1
PATIENT_037,46,Male,Mesenchymal,Wildtype,391,1
PATIENT_038,30,Male,Proneural,Mutant,801,0
PATIENT_039,64,Male,Classical,Wildtype,488,1
PATIENT_040,51,Female,Mesenchymal,Wildtype,277,1
PATIENT_041,59,Female,Proneural,Mutant,1255,1
PATIENT_042,46,Male,Classical,Wildtype,315,1
PATIENT_043,62,Male,Mesenchymal,Wildtype,368,1
PATIENT_044,49,Male,Proneural,Mutant,1475,1
PATIENT_045,42,Female,Classical,Wildtype,390,1
PATIENT_046,64,Male,Mesenchymal,Wildtype,300,1
PATIENT_047,30,Male,Proneural,Mutant,1286,1
PATIENT_048,37,Male,Classical,Wildtype,471,1
PATIENT_049,49,Female,Mesenchymal,Wildtype,239,1
PATIENT_050,66,Male,Proneural,Mutant,1421,0
PATIENT_051,61,Male,Classical,Wildtype,530,1
PATIENT_052,64,Male,Mesenchymal,Wildtype,452,0
PATIENT_053,60,Male,Proneural,Mutant,1309,0
PATIENT_054,63,Male,Classical,Wildtype,638,1
PATIENT_055,43,Male,Mesenchymal,Wildtype,200,1
PATIENT_056,74,Female,Proneural,Mutant,1504,1
PATIENT_057,72,Male,Classical,Wildtype,411,1
PATIENT_058,63,Male,Mesenchymal,Wildtype,306,1
PATIENT_059,34,Female,Proneural,Mutant,1057,1
PATIENT_060,44,Male,Classical,Wildtype,500,0
PATIENT_061,75,Male,Mesenchymal,Wildtype,414,1
PATIENT_062,32,Male,Proneural,Mutant,1106,0
PATIENT_063,45,Female,Classical,Wildtype,477,1
PATIENT_064,64,Female,Mesenchymal,Wildtype,571,1
PATIENT_065,66,Male,Proneural,Mutant,1066,1
PATIENT_066,60,Male,Classical,Wildtype,410,0
PATIENT_067,36,Male,Mesenchymal,Wildtype,463,1
PATIENT_068,56,Male,Proneural,Mutant,884,1
PATIENT_069,73,Male,Classical,Wildtype,474,1
PATIENT_070,33,Female,Mesenchymal,Wildtype,156,1
PATIENT_071,36,Female,Proneural,Mutant,924,0
PATIENT_072,58,Female,Classical,Wildtype,330,0
PATIENT_073,59,Female,Mesenchymal,Wildtype,279,1
PATIENT_074,58,Male,Proneural,Mutant,950,1
PATIENT_075,36,Female,Classical,Wildtype,470,1
PATIENT_076,30,Male,Mesenchymal,Wildtype,461,1
PATIENT_077,45,Female,Proneural,Mutant,1607,1
PATIENT_078,43,Male,Classical,Wildtype,347,1
PATIENT_079,40,Female,Mesenchymal,Wildtype,408,1
PATIENT_080,46,Male,Proneural,Mutant,1441,1
PATIENT_081,48,Female,Classical,Wildtype,462,1
PATIENT_082,65,Male,Mesenchymal,Wildtype,406,1
PATIENT_083,42,Female,Proneural,Mutant,1292,1
PATIENT_084,67,Male,Classical,Wildtype,495,0
PATIENT_085,50,Female,Mesenchymal,Wildtype,291,1
PATIENT_086,62,Male,Proneural,Mutant,801,1
PATIENT_087,33,Male,Classical,Wildtype,415,0
PATIENT_088,41,Female,Mesenchymal,Wildtype,288,0
PATIENT_089,45,Female,Proneural,Mutant,1144,1
PATIENT_090,66,Female,Classical,Wildtype,546,1
PATIENT_091,69,Female,Mesenchymal,Wildtype,464,1
PATIENT_092,66,Male,Proneural,Mutant,1230,1
PATIENT_093,43,Male,Classical,Wildtype,331,1
PATIENT_094,46,Female,Mesenchymal,Wildtype,318,1
PATIENT_095,49,Male,Proneural,Mutant,1045,1
PATIENT_096,34,Female,Classical,Wildtype,462,1
PATIENT_097,66,Male,Mesenchymal,Wildtype,312,0
PATIENT_098,43,Male,Proneural,Mutant,1380,0
PATIENT_099,52,Male,Classical,Wildtype,365,1
PATIENT_100,53,Female,Mesenchymal,Wildtype,524,1
PATIENT_101,64,Male,Proneural,Mutant,905,1
PATIENT_102,71,Male,Classical,Wildtype,480,1
PATIENT_103,65,Female,Mesenchymal,Wildtype,221,1
PATIENT_104,38,Female,Proneural,Mutant,1409,1
PATIENT_105,65,Female,Classical,Wildtype,454,1
PATIENT_106,43,Male,Mesenchymal,Wildtype,366,1
PATIENT_107,70,Male,Proneural,Mutant,1020,1
PATIENT_108,46,Male,Classical,Wildtype,558,1
PATIENT_109,35,Male,Mesenchymal,Wildtype,401,1
PATIENT_110,32,Female,Proneural,Mutant,1090,1
PATIENT_111,70,Male,Classical,Wildtype,448,0
PATIENT_112,58,Male,Mesenchymal,Wildtype,278,1
PATIENT_113,30,Female,Proneural,Mutant,1006,1
PATIENT_114,74,Male,Classical,Wildtype,388,1
PATIENT_115,53,Male,Mesenchymal,Wildtype,328,0
PATIENT_116,38,Female,Proneural,Mutant,1200,1
PATIENT_117,32,Male,Classical,Wildtype,445,1
PATIENT_118,45,Male,Mesenchymal,Wildtype,280,1
PATIENT_119,65,Male,Proneural,Mutant,1351,1
PATIENT_120,69,Male,Classical,Wildtype,558,1
PATIENT_121,45,Male,Mesenchymal,Wildtype,423,1
PATIENT_122,41,Male,Proneural,Mutant,1341,0
PATIENT_123,51,Male,Classical,Wildtype,199,1
PATIENT_124,72,Male,Mesenchymal,Wildtype,270,1
PATIENT_125,47,Female,Proneural,Mutant,902,1
PATIENT_126,54,Male,Classical,Wildtype,272,1
PATIENT_127,44,Female,Mesenchymal,Wildtype,441,1
PATIENT_128,52,Female,Proneural,Mutant,1539,1
PATIENT_129,44,Female,Classical,Wildtype,450,1
PATIENT_130,55,Female,Mesenchymal,Wildtype,387,1
PATIENT_131,47,Female,Proneural,Mutant,1128,1
PATIENT_132,73,Male,Classical,Wildtype,566,1
PATIENT_133,31,Female,Mesenchymal,Wildtype,372,1
PATIENT_134,41,Male,Proneural,Mutant,1095,1
PATIENT_135,32,Female,Classical,Wildtype,506,1
PATIENT_136,50,Female,Mesenchymal,Wildtype,335,1
PATIENT_137,37,Female,Proneural,Mutant,1239,1
PATIENT_138,46,Female,Classical,Wildtype,519,1
PATIENT_139,63,Male,Mesenchymal,Wildtype,650,1
PATIENT_140,72,Female,Proneural,Mutant,1557,1
PATIENT_141,72,Male,Classical,Wildtype,465,1
PATIENT_142,72,Male,Mesenchymal,Wildtype,274,1
PATIENT_143,49,Male,Proneural,Mutant,749,1
PATIENT_144,50,Female,Classical,Wildtype,578,1
PATIENT_145,38,Female,Mesenchymal,Wildtype,439,1
PATIENT_146,54,Male,Proneural,Mutant,1074,1
PATIENT_147,69,Male,Classical,Wildtype,441,1
PATIENT_148,30,Female,Mesenchymal,Wildtype,366,1
PATIENT_149,67,Male,Proneural,Mutant,1318,1
PATIENT_150,58,Female,Classical,Wildtype,615,1
PATIENT_151,60,Male,Mesenchymal,Wildtype,245,1
PATIENT_152,40,Male,Proneural,Mutant,1334,1
PATIENT_153,72,Male,Classical,Wildtype,471,1
PATIENT_154,45,Male,Mesenchymal,Wildtype,309,1
PATIENT_155,42,Female,Proneural,Mutant,1361,0
PATIENT_156,60,Male,Classical,Wildtype,438,1
PATIENT_157,59,Female,Mesenchymal,Wildtype,343,1
PATIENT_158,42,Male,Proneural,Mutant,1262,1
PATIENT_159,55,Female,Classical,Wildtype,404,1
PATIENT_160,30,Male,Mesenchymal,Wildtype,402,1
PATIENT_161,36,Male,Proneural,Mutant,1120,1
PATIENT_162,74,Male,Classical,Wildtype,619,0
PATIENT_163,45,Male,Mesenchymal,Wildtype,368,0
PATIENT_164,38,Male,Proneural,Mutant,1065,1
PATIENT_165,65,Male,Classical,Wildtype,480,1
PATIENT_166,58,Male,Mesenchymal,Wildtype,429,1
PATIENT_167,62,Female,Proneural,Mutant,884,1
PATIENT_168,58,Male,Classical,Wildtype,576,1
PATIENT_169,60,Male,Mesenchymal,Wildtype,377,1
PATIENT_170,70,Female,Proneural,Mutant,1193,1
PATIENT_171,61,Male,Classical,Wildtype,381,1
PATIENT_172,34,Male,Mesenchymal,Wildtype,377,1
PATIENT_173,51,Female,Proneural,Mutant,1023,1
PATIENT_174,38,Female,Classical,Wildtype,251,1
PATIENT_175,39,Male,Mesenchymal,Wildtype,292,0
PATIENT_176,56,Female,Proneural,Mutant,1145,1
PATIENT_177,33,Female,Classical,Wildtype,511,1
PATIENT_178,67,Male,Mesenchymal,Wildtype,332,0
PATIENT_179,66,Female,Proneural,Mutant,970,0
